Type,Hook,Script,CTA,Caption,Hashtags
Sculpture Carving Full Process,This sculpture carving will become something amazing!,"Step 1: I mark the proportions carefully.
Step 2: I remove the excess wood using my chisel.
Step 3: I begin shaping the body structure.
Step 4: I carve the facial details.
Step 5: I smooth and polish the surface.
Step 6: Final touch-ups to make it perfect.",Follow to see the final result!,"From start to finish, watch this sculpture carving come alive.",#Sculpture #WoodCarving #ArtProcess #AfricanArt
Car Building Full Process,This car building will become something amazing!,"Step 1: I inspect the car frame.
Step 2: I disassemble old parts carefully.
Step 3: I repair and replace components.
Step 4: I assemble the engine and systems.
Step 5: I paint and detail the car.
Step 6: Final testing and adjustments.",Follow to see the final result!,"From start to finish, watch this car building come alive.",#CarRestoration #DIYCar #Engineering #CarMods
